<?xml version = "1.0" encoding = "utf-8"?>
<collegedata>
   <department>
      <id>1</id>
      <Ime lang = "en">Zločin u holivudu</Ime>
      <Redatelj>Tim Kirkby</Redatelj>
      <Žanr>akcija, krimi, triler</Žanr>
      <GlavnaUloga>Charlie Hunnam</GlavnaUloga>
      <Trajanje>110 minuta</Trajanje>
   </department>
   <department>
      <id>2</id>
      <Ime lang = "en">Top Gun Maverick</Ime>
      <Redatelj>Joseph Kosinski</Redatelj>
      <Žanr>akcija, avantura</Žanr>
      <GlavnaUloga>Tom Cruise</GlavnaUloga>
      <Trajanje>131 minuta</Trajanje>
   </department>
   <department>
      <id>3</id>
      <Ime lang = "en">Doctor Strange: Multiverse of Madness</Ime>
      <Redatelj>Sam Raimi</Redatelj>
      <Žanr>SF Avantura</Žanr>
      <GlavnaUloga>Benedict Cumberbatch</GlavnaUloga>
      <Trajanje>126 minuta</Trajanje>
   </department>
   <department>
      <id>4</id>
      <Ime lang = "en">Sonic 2</Ime>
      <Redatelj>Jeff Fowler</Redatelj>
      <Žanr>avantura, dječji</Žanr>
      <GlavnaUloga>Jim Carrey</GlavnaUloga>
      <Trajanje>122 minute</Trajanje>
   </department>
   <department>
      <id>5</id>
      <Ime lang = "en">Jurassic World Dominion</Ime>
      <Redatelj>Colin Trevorrow</Redatelj>
      <Žanr>epska akcijska avantura</Žanr>
      <GlavnaUloga>Chris Pratt</GlavnaUloga>
      <Trajanje>146 minuta</Trajanje>
   </department>
   <department>
      <id>6</id>
      <Ime lang = "en">Memory</Ime>
      <Redatelj>Martin Campbell</Redatelj>
      <Žanr>akcija, triler</Žanr>
      <GlavnaUloga>Liam Neeson</GlavnaUloga>
      <Trajanje>114 minuta</Trajanje>
   </department>
   <department>
      <id>7</id>
      <Ime lang = "en">The Black Phone</Ime>
      <Redatelj>Scott Derrickson</Redatelj>
      <Žanr>horor, triler</Žanr>
      <GlavnaUloga>Ethan Hawke</GlavnaUloga>
      <Trajanje>102 minute</Trajanje>
   </department>
   <department>
      <id>8</id>
      <Ime lang = "en">Lightyear</Ime>
      <Redatelj>Angus MacLane</Redatelj>
      <Žanr>animirani</Žanr>
      <GlavnaUloga>Slavko Sobin [Sinkronizirano]</GlavnaUloga>
      <Trajanje>100 minuta</Trajanje>
   </department>    
</collegedata>